<?xml version="1.0" encoding="UTF-8"?>
<pmd version="4.2.2" timestamp="2009-05-31T20:37:45.432">
<file name="/home/jordieva/Proyectos/Jawr/branches/development/src/main/java/net/jawr/web/resource/bundle/CheckSumUtils.java">
<violation beginline="196" endline="198" begincolumn="49" endcolumn="25" rule="EmptyWhileStmt" ruleset="Basic Rules" package="net.jawr.web.resource.bundle" class="CheckSumUtils" method="getMD5Checksum" externalInfoUrl="http://pmd.sourceforge.net/rules/basic.html#EmptyWhileStmt" priority="3">
Avoid empty while statements
</violation>
</file>
<file name="/home/jordieva/Proyectos/Jawr/branches/development/src/main/java/net/jawr/web/resource/bundle/IOUtils.java">
<violation beginline="93" endline="95" begincolumn="27" endcolumn="25" rule="EmptyCatchBlock" ruleset="Basic Rules" package="net.jawr.web.resource.bundle" class="IOUtils" method="close" externalInfoUrl="http://pmd.sourceforge.net/rules/basic.html#EmptyCatchBlock" priority="3">
Avoid empty catch blocks
</violation>
<violation beginline="109" endline="111" begincolumn="27" endcolumn="25" rule="EmptyCatchBlock" ruleset="Basic Rules" package="net.jawr.web.resource.bundle" class="IOUtils" method="close" externalInfoUrl="http://pmd.sourceforge.net/rules/basic.html#EmptyCatchBlock" priority="3">
Avoid empty catch blocks
</violation>
</file>
<file name="/home/jordieva/Proyectos/Jawr/branches/development/src/main/java/net/jawr/web/resource/bundle/factory/util/ClassLoaderResourceUtils.java">
<violation beginline="176" endline="178" begincolumn="19" endcolumn="17" rule="EmptyCatchBlock" ruleset="Basic Rules" package="net.jawr.web.resource.bundle.factory.util" class="ClassLoaderResourceUtils" method="locateClass" externalInfoUrl="http://pmd.sourceforge.net/rules/basic.html#EmptyCatchBlock" priority="3">
Avoid empty catch blocks
</violation>
</file>
<file name="/home/jordieva/Proyectos/Jawr/branches/development/src/main/java/net/jawr/web/resource/bundle/handler/ClientSideHandlerScriptRequestHandler.java">
<violation beginline="140" endline="140" begincolumn="9" endcolumn="37" rule="EmptyCatchBlock" ruleset="Basic Rules" package="net.jawr.web.resource.bundle.handler" class="ClientSideHandlerScriptRequestHandler" method="useNotModifiedHeader" externalInfoUrl="http://pmd.sourceforge.net/rules/basic.html#EmptyCatchBlock" priority="3">
Avoid empty catch blocks
</violation>
</file>
<file name="/home/jordieva/Proyectos/Jawr/branches/development/src/main/java/net/jawr/web/resource/bundle/iterator/DebugModePathsIteratorImpl.java">
<violation beginline="62" endline="63" begincolumn="25" endcolumn="81" rule="CollapsibleIfStatements" ruleset="Basic Rules" package="net.jawr.web.resource.bundle.iterator" class="DebugModePathsIteratorImpl" method="hasNext" externalInfoUrl="http://pmd.sourceforge.net/rules/basic.html#CollapsibleIfStatements" priority="3">
These nested if statements could be combined
</violation>
</file>
<file name="/home/jordieva/Proyectos/Jawr/branches/development/src/main/java/net/jawr/web/resource/bundle/postprocess/impl/JSMinPostProcessor.java">
<violation beginline="132" endline="134" begincolumn="19" endcolumn="17" rule="EmptyCatchBlock" ruleset="Basic Rules" package="net.jawr.web.resource.bundle.postprocess.impl" class="JSMinPostProcessor" method="formatAndThrowJSLintError" externalInfoUrl="http://pmd.sourceforge.net/rules/basic.html#EmptyCatchBlock" priority="3">
Avoid empty catch blocks
</violation>
</file>
<file name="/home/jordieva/Proyectos/Jawr/branches/development/src/main/java/net/jawr/web/servlet/JawrImageRequestHandler.java">
<violation beginline="276" endline="278" begincolumn="27" endcolumn="25" rule="EmptyCatchBlock" ruleset="Basic Rules" package="net.jawr.web.servlet" class="JawrImageRequestHandler" method="writeContent" externalInfoUrl="http://pmd.sourceforge.net/rules/basic.html#EmptyCatchBlock" priority="3">
Avoid empty catch blocks
</violation>
</file>
<file name="/home/jordieva/Proyectos/Jawr/branches/development/src/main/java/net/jawr/web/servlet/JawrRequestHandler.java">
<violation beginline="328" endline="333" begincolumn="25" endcolumn="25" rule="CollapsibleIfStatements" ruleset="Basic Rules" package="net.jawr.web.servlet" class="JawrRequestHandler" method="processRequest" externalInfoUrl="http://pmd.sourceforge.net/rules/basic.html#CollapsibleIfStatements" priority="3">
These nested if statements could be combined
</violation>
</file>
<file name="/home/jordieva/Proyectos/Jawr/branches/development/src/main/java/net/jawr/web/taglib/el/ELCSSBundleTagBeanInfo.java">
<violation beginline="42" endline="43" begincolumn="19" endcolumn="17" rule="EmptyCatchBlock" ruleset="Basic Rules" package="net.jawr.web.taglib.el" class="ELCSSBundleTagBeanInfo" method="getPropertyDescriptors" externalInfoUrl="http://pmd.sourceforge.net/rules/basic.html#EmptyCatchBlock" priority="3">
Avoid empty catch blocks
</violation>
<violation beginline="47" endline="48" begincolumn="19" endcolumn="17" rule="EmptyCatchBlock" ruleset="Basic Rules" package="net.jawr.web.taglib.el" class="ELCSSBundleTagBeanInfo" method="getPropertyDescriptors" externalInfoUrl="http://pmd.sourceforge.net/rules/basic.html#EmptyCatchBlock" priority="3">
Avoid empty catch blocks
</violation>
<violation beginline="52" endline="53" begincolumn="19" endcolumn="17" rule="EmptyCatchBlock" ruleset="Basic Rules" package="net.jawr.web.taglib.el" class="ELCSSBundleTagBeanInfo" method="getPropertyDescriptors" externalInfoUrl="http://pmd.sourceforge.net/rules/basic.html#EmptyCatchBlock" priority="3">
Avoid empty catch blocks
</violation>
</file>
<file name="/home/jordieva/Proyectos/Jawr/branches/development/src/main/java/net/jawr/web/taglib/el/ELJavascriptBundleTagBeanInfo.java">
<violation beginline="42" endline="43" begincolumn="19" endcolumn="17" rule="EmptyCatchBlock" ruleset="Basic Rules" package="net.jawr.web.taglib.el" class="ELJavascriptBundleTagBeanInfo" method="getPropertyDescriptors" externalInfoUrl="http://pmd.sourceforge.net/rules/basic.html#EmptyCatchBlock" priority="3">
Avoid empty catch blocks
</violation>
<violation beginline="47" endline="48" begincolumn="19" endcolumn="17" rule="EmptyCatchBlock" ruleset="Basic Rules" package="net.jawr.web.taglib.el" class="ELJavascriptBundleTagBeanInfo" method="getPropertyDescriptors" externalInfoUrl="http://pmd.sourceforge.net/rules/basic.html#EmptyCatchBlock" priority="3">
Avoid empty catch blocks
</violation>
</file>
</pmd>